sample_id,Temperature1/C,Time1/min,Temperature2/C,Time2/min,Temperature3/C,Time3/min,tensile strength/MPa,Young's modulus/Mpa,elongation at break/%,Tg/℃
1,125,139,155,195,181,130,110.5,4455.6,3.19,122.51
2,104,240,140,244,180,230,135.5,4405,6.387,122
3,98,181,147,157,174,288,135.1,4436.7,6.74,119.1
4,116,282,132,288,185,208,131.9,4316.2,6.74,117.88
5,113,210,142,259,188,161,133.8,4370.7,5.63,124.93
6,100,266,157,142,171,240,133.6,4298.4,6.3,122.79
7,109,156,135,228,176,273,132.8,4402.5,5.9,120.67
8,119,212,150,166,184,172,130.6,4577.56,4.9,121.34
9,120,175,137,124,179,194,137.1,4339.7,7.27,121.76
10,107,299,152,276,182,296,134.4,4315.6,6.65,127.81
11,101,122,145,184,186,217,124.3,4390.06,3.9,123.8
12,110,246,160,211,173,139,122.4,4457.4,3.87,132.96
13,116,150,146,241,170,186,130.02,4396.2,5.22,134.02
14,96,229,131,199,189,264,132.2,4460.2,6.8,134.2
